{"count":1,"self":18044.5773824,"total":27778.5858136,"children":{"InitializeActuators":{"count":2,"self":0.001016,"total":0.001016,"children":null},"InitializeSensors":{"count":2,"self":0.0010130999999999999,"total":0.0010130999999999999,"children":null},"AgentSendState":{"count":991106,"self":2.2850604,"total":15.6278563,"children":{"CollectObservations":{"count":1253830,"self":3.3834296,"total":3.3834296999999998,"children":null},"WriteActionMask":{"count":1253830,"self":1.3429023,"total":1.3429023,"children":null},"RequestDecision":{"count":1253830,"self":1.0883542,"total":8.6164639999999988,"children":{"AgentInfo.ToProto":{"count":1253830,"self":2.9895099999999997,"total":7.5281097999999993,"children":{"GenerateSensorData":{"count":1253830,"self":4.5386,"total":4.5385998999999995,"children":null}}}}}}},"DecideAction":{"count":991106,"self":9712.277913599999,"total":9712.2782452,"children":null},"AgentAct":{"count":991106,"self":6.0684032,"total":6.068403,"children":null},"AgentInfo.ToProto":{"count":2808,"self":0.0083574,"total":0.0304107,"children":{"GenerateSensorData":{"count":2808,"self":0.022053299999999998,"total":0.022053299999999998,"children":null}}}},"gauges":{"Lancer_CPU.CumulativeReward":{"count":2808,"max":9.755269,"min":-14.7531748,"runningAverage":-1.28312218,"value":1.35149789,"weightedAverage":-1.40912557}},"metadata":{"timer_format_version":"0.1.0","start_time_seconds":"1746826595","unity_version":"2022.3.23f1","command_line_arguments":"C:\\Users\\UnityProjects\\SOW2\\LearningExe\\SOW2.exe --mlagents-port 5017 -logFile C:\\Users\\shint\\results\\Lancer_CPU\\run_logs\\Player-12.log","communication_protocol_version":"1.5.0","com.unity.ml-agents_version":"3.0.0","scene_name":"FightingScene","end_time_seconds":"1746854373"}}