{"count":1,"self":153.87919359999998,"total":154.9198366,"children":{"InitializeActuators":{"count":2,"self":0.0009947,"total":0.0009947,"children":null},"InitializeSensors":{"count":2,"self":0.0015026999999999998,"total":0.0015026999999999998,"children":null},"AgentSendState":{"count":7817,"self":0.034998299999999996,"total":0.1124545,"children":{"CollectObservations":{"count":4634,"self":0.038109899999999995,"total":0.038109899999999995,"children":null},"WriteActionMask":{"count":4634,"self":0.01807,"total":0.01807,"children":null},"RequestDecision":{"count":4634,"self":0.021276299999999998,"total":0.021276299999999998,"children":null}}},"DecideAction":{"count":7817,"self":0.88154309999999991,"total":0.88154309999999991,"children":null},"AgentAct":{"count":7817,"self":0.043148099999999995,"total":0.043148099999999995,"children":null}},"gauges":{"Lancer_Easy.CumulativeReward":{"count":5,"max":19.95824,"min":-7.112405,"runningAverage":1.98775363,"value":1.14884257,"weightedAverage":1.76840544}},"metadata":{"timer_format_version":"0.1.0","start_time_seconds":"1746628808","unity_version":"2022.3.23f1","command_line_arguments":"C:\\Program Files\\Unity\\Hub\\Editor\\2022.3.23f1\\Editor\\Unity.exe -projectpath C:\\Users\\UnityProjects\\SOW2 -useHub -hubIPC -cloudEnvironment production","communication_protocol_version":"1.5.0","com.unity.ml-agents_version":"3.0.0","scene_name":"CharacterSelectScene","end_time_seconds":"1746628963"}}