{"count":1,"self":341.21748479999997,"total":341.7521827,"children":{"InitializeActuators":{"count":1,"self":0.0015103999999999999,"total":0.0015103999999999999,"children":null},"InitializeSensors":{"count":1,"self":0.0010716999999999999,"total":0.0010716999999999999,"children":null},"AgentSendState":{"count":19050,"self":0.03789,"total":0.0854339,"children":{"CollectObservations":{"count":1858,"self":0.0210445,"total":0.0210445,"children":null},"WriteActionMask":{"count":1858,"self":0.0070396999999999994,"total":0.0070396999999999994,"children":null},"RequestDecision":{"count":1858,"self":0.0194597,"total":0.0194597,"children":null}}},"DecideAction":{"count":19050,"self":0.41817139999999997,"total":0.41817139999999997,"children":null},"AgentAct":{"count":19050,"self":0.0275083,"total":0.0275083,"children":null}},"gauges":{"Lancer_CPU.CumulativeReward":{"count":2,"max":6.765892,"min":5.074881,"runningAverage":5.92038631,"value":6.765892,"weightedAverage":5.497634}},"metadata":{"timer_format_version":"0.1.0","start_time_seconds":"1746965938","unity_version":"2022.3.23f1","command_line_arguments":"C:\\Program Files\\Unity\\Hub\\Editor\\2022.3.23f1\\Editor\\Unity.exe -projectpath C:\\Users\\UnityProjects\\SOW2 -useHub -hubIPC -cloudEnvironment production","communication_protocol_version":"1.5.0","com.unity.ml-agents_version":"3.0.0","scene_name":"ResultScene","end_time_seconds":"1746966280"}}