{"count":1,"self":53.2103648,"total":53.8682562,"children":{"InitializeActuators":{"count":1,"self":0.0010017,"total":0.0010017,"children":null},"InitializeSensors":{"count":1,"self":0.00049949999999999994,"total":0.00049949999999999994,"children":null},"AgentSendState":{"count":2637,"self":0.0099274,"total":0.0322316,"children":{"CollectObservations":{"count":1369,"self":0.0080632999999999989,"total":0.0080632999999999989,"children":null},"WriteActionMask":{"count":1369,"self":0.0061176999999999994,"total":0.0061176999999999994,"children":null},"RequestDecision":{"count":1369,"self":0.0081231999999999988,"total":0.0081231999999999988,"children":null}}},"DecideAction":{"count":2637,"self":0.60844959999999992,"total":0.60844959999999992,"children":null},"AgentAct":{"count":2637,"self":0.0157078,"total":0.0157078,"children":null}},"gauges":{"Lancer_CPU.CumulativeReward":{"count":2,"max":12.1355066,"min":6.214019,"runningAverage":9.174763,"value":12.1355066,"weightedAverage":7.694391}},"metadata":{"timer_format_version":"0.1.0","start_time_seconds":"1746943158","unity_version":"2022.3.23f1","command_line_arguments":"C:\\Program Files\\Unity\\Hub\\Editor\\2022.3.23f1\\Editor\\Unity.exe -projectpath E:\\GameCreate\\Projects\\Unity\\SOW2 -useHub -hubIPC -cloudEnvironment production","communication_protocol_version":"1.5.0","com.unity.ml-agents_version":"3.0.0","scene_name":"ResultScene","end_time_seconds":"1746943212"}}