{"count":1,"self":677.15998719999993,"total":678.8609723,"children":{"InitializeActuators":{"count":5,"self":0.0015050999999999999,"total":0.0015050999999999999,"children":null},"InitializeSensors":{"count":5,"self":0.0015088999999999999,"total":0.0015088999999999999,"children":null},"AgentSendState":{"count":16540,"self":0.054275,"total":0.1346978,"children":{"CollectObservations":{"count":8265,"self":0.0325827,"total":0.0325827,"children":null},"WriteActionMask":{"count":8265,"self":0.023782599999999997,"total":0.023782599999999997,"children":null},"RequestDecision":{"count":8265,"self":0.0240575,"total":0.0240575,"children":null}}},"DecideAction":{"count":16540,"self":1.5206944999999998,"total":1.5206944999999998,"children":null},"AgentAct":{"count":16540,"self":0.0425606,"total":0.0425606,"children":null}},"gauges":{"Lancer_Easy.CumulativeReward":{"count":13,"max":10.1509514,"min":-8.906007,"runningAverage":-1.57476759,"value":-0.4185297,"weightedAverage":-1.90892935}},"metadata":{"timer_format_version":"0.1.0","start_time_seconds":"1745918425","unity_version":"2022.3.23f1","command_line_arguments":"C:\\Program Files\\Unity\\Hub\\Editor\\2022.3.23f1\\Editor\\Unity.exe -projectpath C:\\Users\\UnityProjects\\SOW2 -useHub -hubIPC -cloudEnvironment production","communication_protocol_version":"1.5.0","com.unity.ml-agents_version":"3.0.0","scene_name":"TitleScene","end_time_seconds":"1745919104"}}